User_X,User_Y,AGV_distance_X,AGV_distance_Y,AGV_speed_X,AGV_speed_Y,AGV_speed,User_speed_X,User_speed_Y,User_speed,User_velocity_X,User_velocity_Y,Wait_time,Gazing_station,closest_station,distance_to_closest_station,distance_to_closest_station_X,distance_to_closest_station_Y,start_station_X,start_station_Y,end_station_X,end_station_Y,distance_from_start_station_X,distance_from_start_station_Y,distance_from_end_station_X,distance_from_end_station_Y,GazeDirection_X,GazeDirection_Y,GazeDirection_Z,AGV_X,AGV_Y,rolling_avg
1813.704,8485.372,18.863149999999997,28.79826000000001,0.0,2.78739999999998,2.78739999999998,0.0,0.0,0.0,0.0,0.0,0.0,2,1,306.0627157953092,233.70399999999995,197.6280000000006,1580,8683,1605,5800,233.70399999999995,197.6280000000006,208.70399999999995,2685.3719999999994,-0.149,-0.786,-0.6,3700.019,11365.198,0.30430188443447465
1813.4,8485.634,18.86622,28.555249999999997,0.0006999999998242856,2.763600000000224,2.763600088652705,0.038499999999885404,0.028699999999480495,0.04802020408079662,-0.038499999999885404,0.028699999999480495,0.0,2,1,305.66141064256055,233.4000000000001,197.36599999999999,1580,8683,1605,5800,233.4000000000001,197.36599999999999,208.4000000000001,2685.634,-0.138,-0.795,-0.591,3700.022,11341.159,0.3624824602553068
1809.248,8486.156,18.90776,28.301989999999986,0.0,2.8797999999997046,2.8797999999997046,1.0899000000000114,0.1169000000008964,1.0961512760564731,-1.0899000000000114,0.1169000000008964,0.0,2,1,302.16254870516246,229.24800000000005,196.84399999999914,1580,8683,1605,5800,229.24800000000005,196.84399999999914,204.24800000000005,2686.156000000001,-0.113,-0.793,-0.599,3700.024,11316.355,0.35324174696647487
1801.048,8486.063,18.98979,28.046749999999992,0.0007000000001426087,3.0639000000002854,3.0639000799637297,0.6341999999999643,0.0952000000002954,0.6413054498443086,-0.6341999999999643,-0.0952000000002954,0.0,2,1,296.05134735886605,221.048,196.9369999999999,1580,8683,1605,5800,221.048,196.9369999999999,196.048,2686.063,-0.114,-0.826,-0.552,3700.027,11290.738,0.3858325116386872
1797.781,8484.709,19.02249,27.791790000000002,0.0007000000001426087,3.1191999999988185,3.1192000785445986,0.041299999999978354,0.12249999999949068,0.1292746688252321,-0.041299999999978354,-0.12249999999949068,0.0,2,1,294.52993844768935,217.78099999999995,198.29099999999926,1580,8683,1605,5800,217.78099999999995,198.29099999999926,192.78099999999995,2684.7090000000007,0.069,-0.965,-0.253,3700.03,11263.888,0.4256291841538058
1797.165,8483.904,19.028679999999998,27.51866,0.0006999999998242856,3.380999999999949,3.3810000724637166,0.28700000000005726,0.19319999999988793,0.3459699986992941,-0.28700000000005726,-0.19319999999988793,0.0,2,1,294.6181502233014,217.16499999999996,199.09599999999955,1580,8683,1605,5800,217.16499999999996,199.09599999999955,192.16499999999996,2683.9040000000005,0.114,-0.984,-0.135,3700.033,11235.77,0.4485426258549683
1795.227,8482.299,19.048099999999998,27.244879999999995,0.0006999999998242856,3.4292999999996026,3.4293000714427535,0.10639999999987139,0.13369999999922583,0.1708702724284292,-0.10639999999987139,-0.13369999999922583,0.0,2,1,294.28481600313614,215.2270000000001,200.7009999999991,1580,8683,1605,5800,215.2270000000001,200.7009999999991,190.2270000000001,2682.299000000001,0.088,-0.985,-0.149,3700.037,11206.787,0.28492416413731503
1796.709,8484.95,19.03332,26.91351999999999,0.0007000000001426087,3.6505000000001018,3.650500067114195,0.30030000000006113,0.5551000000010391,0.6311228881930921,0.30030000000006113,0.5551000000010391,0.0,2,1,293.57553232686087,216.70900000000006,198.04999999999927,1580,8683,1605,5800,216.70900000000006,198.04999999999927,191.70900000000006,2684.9500000000007,0.073,-0.977,-0.198,3700.041,11176.302,0.20019056398712612
1797.041,8487.749,19.03005,26.5708,0.0006999999998242856,3.6694000000001323,3.669400066768541,0.05529999999996562,0.10710000000017317,0.12053422750419604,-0.05529999999996562,0.10710000000017317,0.0,2,1,291.94134459168345,217.04099999999994,195.2510000000002,1580,8683,1605,5800,217.04099999999994,195.2510000000002,192.04099999999994,2687.749,0.025,-0.979,-0.2,3700.046,11144.829,0.18946087151875302
1796.91,8488.004,19.0314,26.23981,0.0,3.9913999999995213,3.9913999999995213,0.0,0.0,0.0,0.0,0.0,0.0,2,1,291.67342716812533,216.91000000000008,194.99599999999919,1580,8683,1605,5800,216.91000000000008,194.99599999999919,191.91000000000008,2688.004000000001,-0.026,-0.994,-0.108,3700.05,11111.985,0.18846531490303534
1796.894,8488.01,19.03162,25.901280000000007,0.0007000000001426087,4.090099999999256,4.090100059899992,0.0,0.0,0.0,0.0,0.0,0.0,2,1,291.6575171943969,216.894,194.98999999999978,1580,8683,1605,5800,216.894,194.98999999999978,191.894,2688.01,-0.017,-0.992,-0.125,3700.056,11078.138,0.38375810881086225
1796.535,8488.016,19.035269999999997,25.548870000000008,0.0006999999998242856,4.129299999999603,4.129300059331692,0.08609999999987394,0.004200000000855653,0.08620237815736571,-0.08609999999987394,-0.004200000000855653,0.0,2,1,291.38662714853643,216.53500000000008,194.98400000000038,1580,8683,1605,5800,216.53500000000008,194.98400000000038,191.53500000000008,2688.0159999999996,-0.013,-0.994,-0.109,3700.062,11042.903,0.4626805183879001
1793.637,8485.147,19.06432,25.213499999999986,0.0006999999998242856,4.322500000000764,4.3225000566809255,0.6888000000001057,0.8434999999999491,1.0890076629666385,-0.6888000000001057,-0.8434999999999491,0.0,2,1,291.1813479225612,213.63699999999994,197.85299999999916,1580,8683,1605,5800,213.63699999999994,197.85299999999916,188.63699999999994,2685.147000000001,0.009,-0.99,-0.137,3700.069,11006.497,0.5561355369623079
1786.539,8474.239,19.13537,24.94577000000001,0.0007000000001426087,4.375699999998869,4.37570005598991,0.7811999999999898,1.2901000000005296,1.5081881348165256,-0.7811999999999898,-1.2901000000005296,0.0,2,1,293.6656494076217,206.539,208.76100000000042,1580,8683,1605,5800,206.539,208.76100000000042,181.539,2674.2389999999996,-0.009,-0.994,-0.11,3700.076,10968.816,0.6877621256755599
1782.348,8468.268,19.17736,24.613359999999993,0.0013999999999668943,4.609500000000662,4.609500212605061,0.6489000000000943,0.8413999999995213,1.0625559608789161,-0.6489000000000943,-0.8413999999995213,0.0,2,1,295.0500718996692,202.34799999999996,214.73199999999997,1580,8683,1605,5800,202.34799999999996,214.73199999999997,177.34799999999996,2668.268,-0.03,-0.993,-0.114,3700.084,10929.604,0.7553592540802518
1778.841,8465.168,19.21251,24.241059999999997,0.0007000000001426087,4.778900000000794,4.778900051267822,0.4438000000000102,0.538300000000163,0.6976570289190703,-0.4438000000000102,-0.538300000000163,0.0,2,1,294.93816895240957,198.8409999999999,217.83200000000033,1580,8683,1605,5800,198.8409999999999,217.83200000000033,173.8409999999999,2665.1679999999997,-0.034,-0.994,-0.105,3700.092,10889.274,0.7373330120997061
1776.489,8458.551,19.23612,23.884890000000013,0.0007000000001426087,5.1099999999994905,5.110000047944696,0.21909999999991214,0.8547000000009575,0.8823360470940753,-0.21909999999991214,-0.8547000000009575,0.0,2,1,298.30400721746975,196.48900000000003,224.44900000000052,1580,8683,1605,5800,196.48900000000003,224.44900000000052,171.48900000000003,2658.5509999999995,-0.024,-0.997,-0.073,3700.101,10847.04,0.6604960939487876
1775.908,8456.085,19.24203,23.476410000000016,0.0013999999999668943,5.216399999999521,5.216400187868547,0.011900000000036924,0.055300000001079756,0.05656589078340674,-0.011900000000036924,-0.055300000001079756,0.0,2,1,299.7838582862666,195.9079999999999,226.91500000000087,1580,8683,1605,5800,195.9079999999999,226.91500000000087,170.9079999999999,2656.084999999999,0.012,-0.995,-0.095,3700.111,10803.726,0.6015770310104189
1776.503,8458.582,19.23619,23.00244999999999,0.0013999999999668943,5.338200000000143,5.338200183582621,0.17359999999987397,0.7252000000000408,0.7456889431928138,0.17359999999987397,0.7252000000000408,0.0,2,1,298.28990551642846,196.50299999999993,224.41799999999967,1580,8683,1605,5800,196.50299999999993,224.41799999999967,171.50299999999993,2658.5820000000003,0.093,-0.988,-0.122,3700.122,10758.827,0.818562441059668
1778.59,8466.94,19.215429999999998,22.453149999999987,0.0013999999999668943,5.420100000000275,5.420100180808744,0.21069999999995162,0.8190000000000509,0.845668664430735,0.21069999999995162,0.8190000000000509,0.0,4,1,293.4619425070306,198.58999999999992,216.0599999999995,1580,8683,1605,5800,198.58999999999992,216.0599999999995,173.58999999999992,2666.9400000000005,0.625,-0.756,-0.195,3700.133,10712.255,1.1755437312657315
1777.435,8462.953,19.2271,22.01156000000001,0.0013999999999668943,5.7119999999998985,5.712000171568524,0.34090000000005605,1.180199999999786,1.2284481470536448,-0.34090000000005605,-1.180199999999786,0.0,4,1,295.637043406269,197.43499999999995,220.04700000000048,1580,8683,1605,5800,197.43499999999995,220.04700000000048,172.43499999999995,2662.9529999999995,0.785,-0.594,-0.172,3700.145,10664.109,1.5815032238109155
1772.124,8444.927,19.28034,21.693510000000007,0.0013999999999668943,5.765199999999276,5.765200169984703,0.8217999999999848,2.7664000000007944,2.8858836081873385,-0.8217999999999848,-2.7664000000007944,0.0,6,1,305.92545612452744,192.12400000000002,238.07300000000032,1580,8683,1605,5800,192.12400000000002,238.07300000000032,167.12400000000002,2644.9269999999997,0.928,-0.365,-0.075,3700.158,10614.278,2.0119617705811104
1764.928,8420.755,19.352439999999998,21.41863000000001,0.0021000000001095034,6.159299999999348,6.159300357994565,0.8385999999999058,2.8161000000007337,2.9383105979463733,-0.8385999999999058,-2.8161000000007337,0.0,6,1,320.8906436918977,184.9280000000001,262.2450000000008,1580,8683,1605,5800,184.9280000000001,262.2450000000008,159.9280000000001,2620.754999999999,0.943,-0.322,-0.087,3700.172,10562.618,2.26933899529689
1758.053,8397.341,19.421339999999997,21.1168,0.00209999999979118,6.307000000000152,6.307000349611686,0.7727999999998701,2.697799999999552,2.806304452477917,-0.7727999999998701,-2.697799999999552,0.0,6,1,336.6064988825971,178.0530000000001,285.65899999999965,1580,8683,1605,5800,178.0530000000001,285.65899999999965,153.0530000000001,2597.3410000000003,0.902,-0.419,-0.106,3700.187,10509.021,2.4096195713849684
1751.6,8374.219,19.48603,20.78978000000001,0.0021000000001095034,6.517699999999786,6.517700338309305,0.7595000000000255,2.753800000000774,2.8566159507368685,-0.7595000000000255,-2.753800000000774,0.0,6,1,353.25948814009297,171.5999999999999,308.78100000000086,1580,8683,1605,5800,171.5999999999999,308.78100000000086,146.5999999999999,2574.218999999999,0.941,-0.32,-0.105,3700.203,10453.197,2.302274957931024
1746.472,8355.67,19.53748,20.410499999999992,0.00209999999979118,6.733300000000417,6.733300327477278,0.3163999999999987,1.0870999999999185,1.132208183153532,-0.3163999999999987,-1.0870999999999185,0.0,7,1,367.22997655964843,166.47199999999998,327.3299999999999,1580,8683,1605,5800,166.47199999999998,327.3299999999999,141.47199999999998,2555.67,0.993,-0.081,-0.085,3700.22,10396.72,2.2048636504024923
1742.541,8344.41,19.57695,19.962430000000005,0.00209999999979118,6.603099999999358,6.603100333933411,0.34510000000011587,0.9358999999996741,0.997498280700007,-0.34510000000011587,-0.9358999999996741,0.0,5,1,375.58323282729236,162.54099999999994,338.59000000000015,1580,8683,1605,5800,162.54099999999994,338.59000000000015,137.54099999999994,2544.41,0.994,0.044,-0.096,3700.236,10340.653,2.171238525872497
1738.585,8332.655,19.616680000000002,19.521069999999998,0.0021000000001095034,6.366499999999542,6.366500346343678,0.5852000000000089,1.9648999999992156,2.050192929945113,-0.5852000000000089,-1.9648999999992156,0.0,7,1,384.56575673088673,158.58500000000004,350.34499999999935,1580,8683,1605,5800,158.58500000000004,350.34499999999935,133.58500000000004,2532.6550000000007,0.993,0.02,-0.118,3700.253,10284.762,2.165629082813412
1733.048,8312.503,19.672209999999996,19.160619999999998,0.0013999999999668943,6.394500000000153,6.394500153256856,0.6677999999999656,2.4968999999993686,2.5846598325498853,-0.6677999999999656,-2.4968999999993686,0.0,8,1,400.86371413860786,153.048,370.4969999999994,1580,8683,1605,5800,153.048,370.4969999999994,128.048,2512.5030000000006,0.987,-0.099,-0.128,3700.269,10228.565,2.134910290599689
1726.942,8290.033,19.73344,18.824400000000004,0.0021000000001095034,6.364400000000387,6.364400346458803,0.766500000000019,2.7769000000003867,2.8807457124852545,-0.766500000000019,-2.7769000000003867,0.0,4,1,419.54143353547386,146.942,392.96700000000055,1580,8683,1605,5800,146.942,392.96700000000055,121.94200000000001,2490.0329999999994,0.63,-0.74,-0.236,3700.286,10172.473,2.1741400340008705
1720.547,8267.402,19.797559999999997,18.49057999999999,0.00209999999979118,6.519800000000214,6.519800338200763,0.766500000000019,2.6838000000005198,2.791111730118094,-0.766500000000019,-2.6838000000005198,0.0,2,1,438.7199070169941,140.54700000000003,415.59799999999996,1580,8683,1605,5800,140.54700000000003,415.59799999999996,115.54700000000003,2467.402,-0.138,-0.956,-0.258,3700.303,10116.46,2.2342927701382087
1715.489,8249.879,19.84831,18.102479999999996,0.0021000000001095034,6.538700000000245,6.538700337223232,0.4165000000000191,1.4076999999990223,1.4680230039060231,-0.4165000000000191,-1.4076999999990223,0.0,2,1,453.81832241768217,135.48900000000003,433.1209999999992,1580,8683,1605,5800,135.48900000000003,433.1209999999992,110.48900000000003,2449.879000000001,-0.766,-0.628,-0.134,3700.32,10060.127,2.1294492288554667
1711.63,8235.166,19.887059999999998,17.69014000000001,0.00209999999979118,6.360899999999674,6.360900346648724,0.5116999999999962,2.16160000000109,2.2213400122459213,-0.5116999999999962,-2.16160000000109,0.0,2,1,466.7780505293717,131.6300000000001,447.83400000000074,1580,8683,1605,5800,131.6300000000001,447.83400000000074,106.63000000000011,2435.1659999999993,-0.955,-0.276,-0.111,3700.336,10004.18,2.118211776287682
1708.994,8222.882,19.913590000000003,17.246239999999997,0.0021000000001095034,6.521200000000499,6.521200338128442,0.2625,1.1893000000003666,1.2179247677918665,-0.2625,-1.1893000000003666,0.0,2,1,477.85774657318296,128.99399999999991,460.1180000000004,1580,8683,1605,5800,128.99399999999991,460.1180000000004,103.99399999999991,2422.8819999999996,-0.899,-0.401,-0.178,3700.353,9947.506,2.1624801762716643
1704.963,8207.376,19.954069999999998,16.834400000000006,0.00209999999979118,6.684299999999348,6.684300329876814,0.5950000000000955,2.0299999999997453,2.115401853076403,-0.5950000000000955,-2.0299999999997453,0.0,2,1,491.7661443664049,124.96299999999997,475.6239999999998,1580,8683,1605,5800,124.96299999999997,475.6239999999998,99.96299999999997,2407.376,-0.963,-0.214,-0.163,3700.37,9890.816,2.0702891805126264
1697.769,8184.723,20.02616,16.498109999999997,0.0007000000001426087,6.6240999999998165,6.624100036985973,0.983499999999981,2.9974000000001073,3.1546281888680014,-0.983499999999981,-2.9974000000001073,0.0,2,1,512.0053770127811,117.769,498.27700000000004,1580,8683,1605,5800,117.769,498.27700000000004,92.769,2384.723,-0.963,-0.184,-0.198,3700.385,9834.534,2.016570690251774
1689.885,8161.252,20.10222,16.16815999999999,0.07420000000015534,6.363000000000102,6.363432614556496,0.7566999999999325,2.2154999999999747,2.3411610666504314,-0.7566999999999325,-2.2154999999999747,0.0,2,1,533.1938566122078,109.88499999999999,521.7479999999996,1580,8683,1605,5800,109.88499999999999,521.7479999999996,84.88499999999999,2361.2520000000004,-0.969,-0.147,-0.198,3700.107,9778.068,1.9417248230140456
1685.217,8147.993,20.1342,15.740789999999997,0.1756999999998243,6.50020000000004,6.502574146443888,0.48159999999991215,1.3251000000000204,1.4099037449414655,-0.48159999999991215,-1.3251000000000204,0.0,2,1,545.2550844678109,105.2170000000001,535.0069999999996,1580,8683,1605,5800,105.2170000000001,535.0069999999996,80.2170000000001,2347.9930000000004,-0.953,-0.204,-0.225,3698.637,9722.072,1.8763033330866519
1681.598,8138.179,20.16222,15.279519999999993,0.07489999999997964,6.439300000000366,6.439735592398551,0.2575999999999567,0.7252000000000408,0.7695926195072539,-0.2575999999999567,-0.7252000000000408,0.0,2,1,554.2130237056866,101.59799999999996,544.8209999999999,1580,8683,1605,5800,101.59799999999996,544.8209999999999,76.59799999999996,2338.179,-0.877,-0.396,-0.272,3697.82,9666.131,1.7123179547050529
1678.218,8128.73,20.18927,14.817900000000009,0.07909999999988031,6.285299999999552,6.285797713893945,0.23659999999997583,0.6489000000004125,0.6906886201469689,-0.23659999999997583,-0.6489000000004125,0.0,2,1,562.9049728186815,98.21800000000007,554.2700000000004,1580,8683,1605,5800,98.21800000000007,554.2700000000004,73.21800000000007,2328.7299999999996,-0.26,-0.896,-0.36,3697.145,9610.52,1.3684306092671106
1673.468,8116.925,20.22842,14.371359999999996,0.12459999999991851,6.719300000000112,6.720455166876831,0.6251000000000204,1.5084999999998217,1.632887705875541,-0.6251000000000204,-1.5084999999998217,0.0,2,1,573.7396383805112,93.46800000000007,566.0749999999998,1580,8683,1605,5800,93.46800000000007,566.0749999999998,68.46800000000007,2316.925,0.211,-0.967,-0.146,3696.31,9554.061,1.1069202395688889
1668.288,8105.305,20.26427,13.929889999999995,0.18269999999997708,6.380499999999847,6.3831151908764765,0.35699999999999366,0.7643999999997504,0.843656541490442,-0.35699999999999366,-0.7643999999997504,0.0,2,1,584.402501679279,88.28800000000001,577.6949999999997,1580,8683,1605,5800,88.28800000000001,577.6949999999997,63.28800000000001,2305.3050000000003,0.308,-0.944,-0.117,3694.715,9498.294,1.1166650982977506
1665.242,8098.968,20.27771,13.435340000000005,0.16800000000016552,6.429499999999644,6.431694508447636,0.0,0.0,0.0,0.0,0.0,0.0,2,1,590.2199383179122,85.24199999999996,584.0320000000002,1580,8683,1605,5800,85.24199999999996,584.0320000000002,60.24199999999996,2298.968,0.198,-0.973,-0.12,3693.013,9442.502,1.191874791501161
1663.763,8096.409,20.27927,12.89205,0.15470000000000256,6.6674999999997455,6.669294440943255,0.4816000000000713,0.8477000000001681,0.9749532552898902,-0.4816000000000713,-0.8477000000001681,0.0,2,1,592.5413415534821,83.76299999999992,586.5910000000003,1580,8683,1605,5800,83.76299999999992,586.5910000000003,58.76299999999992,2296.4089999999997,0.022,-0.986,-0.163,3691.69,9385.614,1.3234827779991427
1657.322,8084.812,20.329600000000003,12.449740000000002,0.1763999999999669,6.440000000000509,6.442415460058949,0.9324000000000752,1.7101000000001476,1.9477709747299976,-0.9324000000000752,-1.7101000000001476,0.0,2,1,603.1646334360131,77.32199999999989,598.1880000000001,1580,8683,1605,5800,77.32199999999989,598.1880000000001,52.32199999999989,2284.812,0.029,-0.995,-0.093,3690.282,9329.786,1.5212064773454563
1651.265,8072.217,20.36817,12.017079999999996,0.33879999999994653,6.586300000001029,6.595008197873109,0.748299999999972,1.7731000000002495,1.9245353984795506,-0.748299999999972,-1.7731000000002495,0.0,2,1,614.9264779744002,71.2650000000001,610.7830000000004,1580,8683,1605,5800,71.2650000000001,610.7830000000004,46.2650000000001,2272.2169999999996,0.013,-0.997,-0.079,3688.082,9273.925,1.82895115678786
1643.923,8054.563,20.41389,11.624040000000004,0.2625,6.870499999999083,6.875512817236792,0.9807000000000471,2.413600000000224,2.605232705537295,-0.9807000000000471,-2.413600000000224,0.0,2,1,631.6796758626954,63.923,628.4369999999999,1580,8683,1605,5800,63.923,628.4369999999999,38.923,2254.563,0.01,-0.997,-0.082,3685.312,9216.967,2.152760931965033
1635.152,8031.636,20.4816,11.300949999999993,0.23520000000016808,6.479899999999725,6.484167105341789,1.0198999999999159,2.7957999999997813,2.976019766399176,-1.0198999999999159,-2.7957999999997813,0.0,2,1,653.6947327308056,55.152000000000044,651.3639999999996,1580,8683,1605,5800,55.152000000000044,651.3639999999996,30.152000000000044,2231.6360000000004,0.027,-0.995,-0.1,3683.312,9161.731,2.285564010610413
1627.566,8009.47,20.536589999999997,10.956019999999999,0.24359999999996942,6.567399999999725,6.571916289789179,0.7818999999999733,2.4086999999998624,2.532430314934509,-0.7818999999999733,-2.4086999999998624,0.0,2,1,675.2075127366398,47.56600000000003,673.5299999999997,1580,8683,1605,5800,47.56600000000003,673.5299999999997,22.56600000000003,2209.4700000000003,0.013,-0.995,-0.1,3681.225,9105.072,2.518724453414816
1622.501,7992.327,20.56612,10.563299999999991,0.2498999999999796,6.671700000000601,6.676378576744133,0.5299000000000433,1.9628000000000612,2.0330710390933926,-0.5299000000000433,-1.9628000000000612,0.0,2,1,691.9794273892827,42.500999999999976,690.6729999999998,1580,8683,1605,5800,42.500999999999976,690.6729999999998,17.500999999999976,2192.327,0.017,-0.992,-0.122,3679.113,9048.657,2.7000846962251788
1618.337,7972.804,20.58527,10.203690000000005,0.292600000000084,6.415499999999338,6.422169026893605,0.544600000000014,2.8637000000002444,2.915024330945012,-0.544600000000014,-2.8637000000002444,0.0,2,1,711.2299796725388,38.33699999999999,710.1959999999999,1580,8683,1605,5800,38.33699999999999,710.1959999999999,13.336999999999989,2172.804,0.058,-0.988,-0.146,3676.864,8993.173,2.768615061964725
1613.955,7946.742,20.59886,9.896039999999994,0.3164000000001579,6.495300000000316,6.503001695371469,0.4913999999999987,3.1724000000001067,3.210232969739218,-0.4913999999999987,-3.1724000000001067,0.0,2,1,737.0405583066645,33.95499999999993,736.2579999999998,1580,8683,1605,5800,33.95499999999993,736.2579999999998,8.954999999999927,2146.742,0.069,-0.991,-0.116,3673.841,8936.346,2.783240923143764
1610.302,7919.571,20.609269999999995,9.609420000000009,0.2898000000001502,6.47219999999943,6.478684810977665,0.37660000000000765,3.147200000000066,3.169652252219543,-0.37660000000000765,-3.147200000000066,0.0,2,1,764.0301363460738,30.301999999999907,763.4290000000001,1580,8683,1605,5800,30.301999999999907,763.4290000000001,5.301999999999907,2119.571,0.064,-0.991,-0.113,3671.229,8880.513,2.864169662947379
1607.466,7892.468,20.609540000000003,9.319610000000003,0.3695999999998548,6.467999999999847,6.478551393637154,0.28770000000004076,2.9512000000002447,2.9651901675948995,-0.28770000000004076,-2.9512000000002447,0.0,2,1,791.0089912131216,27.465999999999894,790.5320000000002,1580,8683,1605,5800,27.465999999999894,790.5320000000002,2.4659999999998945,2092.468,0.053,-0.99,-0.128,3668.42,8824.429,2.898444078372349
1605.277,7867.76,20.59633,9.010370000000002,0.4074000000002343,6.442099999999664,6.454969184279338,0.24569999999991976,2.9476999999995313,2.9579222065492523,-0.24569999999991976,-2.9476999999995313,0.0,2,1,815.6317700586459,25.277000000000044,815.2399999999998,1580,8683,1605,5800,25.277000000000044,815.2399999999998,0.27700000000004366,2067.76,0.096,-0.978,-0.186,3664.91,8768.797,2.8651438953143544
1603.851,7846.01,20.578739999999996,8.662160000000004,0.3639999999999873,6.679399999999624,6.68931090322426,0.07839999999989687,2.288999999999669,2.290342236435085,-0.07839999999989687,-2.288999999999669,0.0,2,1,837.3297619820996,23.851000000000113,836.9899999999998,1580,8683,1605,5800,23.851000000000113,836.9899999999998,1.1489999999998872,2046.0100000000002,0.305,-0.657,-0.689,3661.725,8712.226,2.706388865281092
1604.036,7824.91,20.54532,8.31143,0.3969000000000051,6.608700000000499,6.620607623172257,0.09800000000007003,2.7341999999999644,2.7359557087057933,0.09800000000007003,-2.7341999999999644,0.0,2,1,858.4265707653743,24.036000000000058,858.0900000000001,1580,8683,1605,5800,24.036000000000058,858.0900000000001,0.9639999999999418,2024.9099999999999,0.286,-0.653,-0.701,3658.568,8656.053,2.2489804565199862
1605.595,7800.294,20.488109999999995,8.000390000000007,0.5782000000000153,6.501599999999053,6.527259593427222,0.24359999999996942,2.9868999999998778,2.996817073162667,0.24359999999996942,-2.9868999999998778,0.0,2,1,883.0769991688155,25.595000000000027,882.7060000000001,1580,8683,1605,5800,25.595000000000027,882.7060000000001,0.5950000000000273,2000.2939999999999,0.257,-0.708,-0.658,3654.406,8600.333,1.894672135897166
1608.01,7784.384,20.421519999999997,7.598070000000007,0.4459000000001197,6.645099999999001,6.660043604961369,0.3723999999999478,0.7140000000003056,0.8052811682886901,0.3723999999999478,-0.7140000000003056,0.0,2,1,899.0524320394222,28.00999999999999,898.616,1580,8683,1605,5800,28.00999999999999,898.616,3.009999999999991,1984.384,0.101,-0.895,-0.434,3650.162,8544.191,1.7195424566145856
1610.442,7785.679,20.35987,7.027129999999997,0.4395999999997912,6.491100000000733,6.505968595836391,0.22959999999998218,0.11270000000004075,0.25576835222521377,0.22959999999998218,-0.11270000000004075,0.0,2,1,897.837230462738,30.442000000000007,897.3209999999999,1580,8683,1605,5800,30.442000000000007,897.3209999999999,5.442000000000007,1985.679,0.017,-0.999,-0.044,3646.429,8488.392,1.6264530858119723
1612.916,7778.328,20.293,6.541499999999988,0.538300000000163,6.402200000000448,6.4247904035856225,0.2491999999999962,1.096900000000005,1.1248512123832242,0.2491999999999962,-1.096900000000005,0.0,2,1,905.2706173515184,32.91599999999994,904.6719999999996,1580,8683,1605,5800,32.91599999999994,904.6719999999996,7.91599999999994,1978.3280000000004,0.033,-0.996,-0.082,3642.216,8432.478,1.4738054353877796
1615.86,7763.979,20.204530000000002,6.123810000000003,0.783299999999781,6.739599999999154,6.7849662526786565,0.32270000000000887,1.7261999999996078,1.7561041341556747,0.32270000000000887,-1.7261999999996078,0.0,2,1,919.7203586096153,35.8599999999999,919.0209999999997,1580,8683,1605,5800,35.8599999999999,919.0209999999997,10.8599999999999,1963.9790000000003,0.023,-0.995,-0.097,3636.313,8376.36,1.4507329719598165
1618.609,7748.299,20.12264,5.719610000000002,0.573299999999972,6.509999999999491,6.535194938943546,0.3184999999999491,1.8962999999998829,1.9228613938605983,0.3184999999999491,-1.8962999999998829,0.0,2,1,935.498056802899,38.608999999999924,934.701,1580,8683,1605,5800,38.608999999999924,934.701,13.608999999999924,1948.299,0.015,-0.997,-0.073,3630.873,8320.26,1.7616671003567057
1621.202,7732.013,20.04771,5.327519999999995,0.5683999999999287,6.302800000000571,6.328377864825007,0.2954000000000178,1.9333999999998013,1.9558365780400064,0.2954000000000178,-1.9333999999998013,0.0,2,1,951.8791304430412,41.202,950.9870000000001,1580,8683,1605,5800,41.202,950.9870000000001,16.201999999999998,1932.013,0.006,-0.997,-0.083,3625.973,8264.765,2.091327613140349
1623.837,7713.492,19.964850000000002,4.9490599999999905,0.7083999999998014,6.3805000000011205,6.419704884962704,0.319899999999916,2.342899999999827,2.3646387504223845,0.319899999999916,-2.342899999999827,0.0,2,1,970.4985546784702,43.83699999999999,969.5079999999998,1580,8683,1605,5800,43.83699999999999,969.5079999999998,18.83699999999999,1913.4920000000002,0.0,-0.995,-0.098,3620.322,8208.398,2.379621951749225
1626.418,7693.575,19.8628,4.59326,1.0066000000000712,6.242600000000403,6.323234798740686,0.29679999999998474,2.3975000000001274,2.415801417749522,0.29679999999998474,-2.3975000000001274,0.0,2,1,990.5132312841664,46.41799999999989,989.4250000000002,1580,8683,1605,5800,46.41799999999989,989.4250000000002,21.417999999999893,1893.5749999999998,0.022,-0.994,-0.11,3612.698,8152.901,2.7287216993754275
1629.317,7669.051,19.737350000000003,4.28576,1.0157000000000154,6.402899999999954,6.482960350025244,0.3682000000000471,3.197599999999511,3.218729097019025,0.3682000000000471,-3.197599999999511,0.0,2,1,1015.1476449709171,49.31700000000001,1013.9489999999996,1580,8683,1605,5800,49.31700000000001,1013.9489999999996,24.317000000000007,1869.0510000000004,0.045,-0.991,-0.126,3603.052,8097.627,3.131799142982609
1632.604,7639.809,19.625269999999997,4.01259,0.8925000000000637,6.6101000000001475,6.670080828595863,0.4200000000000955,3.7925999999997657,3.8157849467702323,0.4200000000000955,-3.7925999999997657,0.0,2,1,1044.516463870723,52.60400000000004,1043.1909999999998,1580,8683,1605,5800,52.60400000000004,1043.1909999999998,27.604000000000042,1839.8090000000002,0.069,-0.991,-0.117,3595.131,8041.068,3.5317846266109876
1636.288,7606.175,19.511930000000003,3.7959900000000015,0.9365999999998166,6.546399999999903,6.613060752782965,0.42980000000002294,3.9325999999996384,3.9560170373744823,0.42980000000002294,-3.9325999999996384,0.0,2,1,1078.2951449250802,56.28800000000001,1076.8249999999998,1580,8683,1605,5800,56.28800000000001,1076.8249999999998,31.28800000000001,1806.1750000000002,0.078,-0.99,-0.118,3587.481,7985.774,3.8944938874343027
1640.397,7568.587,19.382710000000003,3.6159799999999995,1.1521999999998114,6.656999999999517,6.755976157447059,0.4801999999999452,4.376399999999649,4.402666124065834,0.4801999999999452,-4.376399999999649,0.0,2,1,1116.0484452648097,60.396999999999935,1114.4129999999996,1580,8683,1605,5800,60.396999999999935,1114.4129999999996,35.396999999999935,1768.5870000000004,0.042,-0.992,-0.117,3578.668,7930.185,3.995771779727979
1644.673,7529.757,19.226339999999997,3.454770000000008,1.5064000000000306,6.369999999999618,6.545696369370888,0.5096000000000458,4.63400000000056,4.661936095658673,0.5096000000000458,-4.63400000000056,0.0,2,1,1155.054983097342,64.673,1153.2430000000004,1580,8683,1605,5800,64.673,1153.2430000000004,39.673,1729.7569999999996,0.037,-0.992,-0.119,3567.307,7875.234,4.084208745706762
1648.675,7492.731,19.027949999999997,3.286270000000004,2.182600000000275,6.44559999999974,6.8051085310961685,0.38779999999990195,3.645600000000377,3.6661680539771595,0.38779999999990195,-3.645600000000377,0.0,2,1,1192.2485260993199,68.67499999999995,1190.2690000000002,1580,8683,1605,5800,68.67499999999995,1190.2690000000002,43.674999999999955,1692.7309999999998,0.033,-0.992,-0.122,3551.47,7821.358,4.178250497620392
1651.544,7464.73,18.81024,3.0342600000000037,2.056599999999753,6.185200000000168,6.518151777919954,0.31360000000006494,3.2249000000006163,3.240111876155516,0.31360000000006494,-3.2249000000006163,0.0,2,1,1220.3689347226114,71.5440000000001,1218.2700000000004,1580,8683,1605,5800,71.5440000000001,1218.2700000000004,46.544000000000096,1664.7299999999996,0.049,-0.987,-0.155,3532.568,7768.156,4.242233767219528
1654.437,7430.05,18.616640000000004,2.8351699999999984,1.9102999999998702,6.4399999999998725,6.717354098899198,0.32829999999987647,4.403700000000117,4.4159205812605995,0.32829999999987647,-4.403700000000117,0.0,2,1,1255.1591809284587,74.4369999999999,1252.9499999999998,1580,8683,1605,5800,74.4369999999999,1252.9499999999998,49.4369999999999,1630.0500000000002,0.048,-0.991,-0.123,3516.101,7713.567,4.280684100790122
1656.813,7391.341,18.41824,2.689960000000001,2.2245999999999184,6.245399999999699,6.629771211738447,0.24010000000005222,4.627699999999914,4.633924395153554,0.24010000000005222,-4.627699999999914,0.0,2,1,1293.940960496266,76.8130000000001,1291.6589999999997,1580,8683,1605,5800,76.8130000000001,1291.6589999999997,51.8130000000001,1591.3410000000003,0.032,-0.996,-0.085,3498.637,7660.337,4.30411575674513
1658.054,7350.789,18.1926,2.5767300000000066,2.7223000000000863,5.960499999999592,6.552745801570179,0.07560000000012224,4.709600000000046,4.710206738562593,0.07560000000012224,-4.709600000000046,0.0,2,1,1334.4956258590737,78.05400000000009,1332.2110000000002,1580,8683,1605,5800,78.05400000000009,1332.2110000000002,53.05400000000009,1550.7889999999998,0.028,-0.998,-0.064,3477.314,7608.462,4.420616237145573
1658.267,7310.107,17.93065,2.4878099999999996,3.204599999999982,5.658099999999741,6.502580777660278,0.0013999999999668943,4.717999999999847,4.718000207714976,-0.0013999999999668943,-4.717999999999847,0.0,2,1,1375.122144661339,78.26700000000005,1372.893,1580,8683,1605,5800,78.26700000000005,1372.893,53.26700000000005,1510.107,0.011,-0.996,-0.084,3451.332,7558.888,4.4712638178393584
1658.108,7270.927,17.636789999999998,2.39683,3.6623999999999794,5.673500000000331,6.75290870736482,0.025900000000024192,4.2357000000002705,4.235779184518746,-0.025900000000024192,-4.2357000000002705,0.0,2,1,1414.2315994889243,78.10799999999995,1412.0730000000003,1580,8683,1605,5800,78.10799999999995,1412.0730000000003,53.10799999999995,1470.9269999999997,0.034,-0.992,-0.125,3421.787,7510.61,4.603604573451244
1657.867,7236.753,17.316090000000003,2.2775399999999992,3.889200000000028,5.238800000000264,6.524638080384459,0.02869999999995798,3.8346000000000457,3.8347074008326043,-0.02869999999995798,-3.8346000000000457,0.0,2,2,1437.7253224096733,52.86699999999996,1436.7529999999997,1580,8683,1605,5800,77.86699999999996,1446.2470000000003,52.86699999999996,1436.7529999999997,0.055,-0.99,-0.128,3389.476,7464.507,4.7895584874294235
1657.557,7199.781,16.97258,2.1999399999999967,4.106899999999814,5.257000000000152,6.671032649447915,0.0433999999999287,4.7075000000002545,4.707700055228921,-0.0433999999999287,-4.7075000000002545,0.0,2,2,1400.7673205104409,52.557000000000016,1399.781,1580,8683,1605,5800,77.55700000000002,1483.219,52.557000000000016,1399.781,0.07,-0.987,-0.141,3354.815,7419.775,5.000137836576147
1657.067,7152.938,16.64259,2.20674,3.842300000000023,5.5453999999997,6.746460586855663,0.06369999999992615,5.805099999999766,5.80544948302862,-0.06369999999992615,-5.805099999999766,0.0,2,2,1353.939512804394,52.06700000000001,1352.938,1580,8683,1605,5800,77.06700000000001,1530.062,52.06700000000001,1352.938,0.093,-0.992,-0.082,3321.326,7373.612,5.357861108779972
1656.546,7102.703,16.32093,2.2529899999999996,3.8590999999999442,5.164599999999791,6.447150220833808,0.06020000000000891,5.952099999999791,5.952404425943983,-0.06020000000000891,-5.952099999999791,0.0,2,2,1303.722400024254,51.54600000000005,1302.7030000000004,1580,8683,1605,5800,76.54600000000005,1580.2969999999996,51.54600000000005,1302.7030000000004,0.077,-0.994,-0.08,3288.639,7328.002,5.645712423044627
1656.02,7050.286,15.974610000000002,2.344260000000004,4.390399999999954,5.056099999999969,6.69624964961726,0.06720000000000255,6.594700000000193,6.5950423751483624,-0.06720000000000255,-6.594700000000193,0.0,2,2,1251.3265449897563,51.01999999999998,1250.286,1580,8683,1605,5800,76.01999999999998,1632.714,51.01999999999998,1250.286,0.072,-0.993,-0.089,3253.481,7284.712,5.7293654872500674
1655.359,6991.864,15.586130000000002,2.5216300000000045,4.8943999999998145,4.656400000000031,6.755531979052313,0.08680000000001656,6.706000000000586,6.706561730127284,-0.08680000000001656,-6.706000000000586,0.0,2,2,1192.9274174806274,50.358999999999924,1191.8639999999996,1580,8683,1605,5800,75.35899999999992,1691.1360000000004,50.358999999999924,1191.8639999999996,0.058,-0.991,-0.118,3213.972,7244.027,5.47301072238877
1654.704,6944.977,15.174109999999999,2.6214199999999983,5.060300000000188,4.251100000000224,6.608970214791697,0.07350000000001274,4.844000000000051,4.844557590740407,-0.07350000000001274,-4.844000000000051,0.0,2,2,1146.0553294431293,49.70399999999995,1144.9769999999999,1580,8683,1605,5800,74.70399999999995,1738.0230000000001,49.70399999999995,1144.9769999999999,0.045,-0.985,-0.165,3172.115,7207.119,5.283405817001732
1653.985,6906.416,14.73298,2.6572400000000016,5.418000000000166,3.9955999999997402,6.731979156236279,0.08050000000000637,3.821299999999883,3.822147817654245,-0.08050000000000637,-3.821299999999883,0.0,2,2,1107.4998398559705,48.9849999999999,1106.4160000000002,1580,8683,1605,5800,73.9849999999999,1776.5839999999998,48.9849999999999,1106.4160000000002,0.049,-0.988,-0.145,3127.283,7172.14,5.093820450248493
1653.089,6873.56,14.281240000000002,2.6721699999999964,5.483799999999883,3.5272999999998316,6.520268992150365,0.14070000000001529,4.36239999999998,4.364668400921177,-0.14070000000001529,-4.36239999999998,0.0,2,2,1074.6365085558004,48.08899999999994,1073.5600000000004,1580,8683,1605,5800,73.08899999999994,1809.4399999999996,48.08899999999994,1073.5600000000004,0.061,-0.99,-0.126,3081.213,7140.777,4.77805530136749
1651.399,6832.494,13.810590000000001,2.793789999999999,5.749099999999817,3.201100000000224,6.580212156154187,0.23100000000010823,4.936400000000413,4.941801894046758,-0.23100000000010823,-4.936400000000413,0.0,2,2,1033.5360309331259,46.39899999999989,1032.4939999999997,1580,8683,1605,5800,71.39899999999989,1850.5060000000003,46.39899999999989,1032.4939999999997,0.06,-0.994,-0.094,3032.458,7111.873,4.6261862646655665
1649.276,6791.044,13.334080000000002,2.945550000000003,5.7952999999999975,3.0317000000000918,6.5403904302419535,0.2533999999998969,4.7620999999999185,4.7688371716802385,-0.2533999999998969,-4.7620999999999185,0.0,2,2,992.032546901562,44.27600000000007,991.0439999999999,1580,8683,1605,5800,69.27600000000007,1891.9560000000001,44.27600000000007,991.0439999999999,0.057,-0.995,-0.08,2982.684,7085.599,4.350702745010157
1647.048,6748.965,12.863080000000002,3.0841299999999956,5.809999999999809,3.4972000000000665,6.781335254947822,0.253400000000056,4.839799999999832,4.84642915970082,-0.253400000000056,-4.839799999999832,0.0,2,2,949.8961024917411,42.048,948.9650000000001,1580,8683,1605,5800,67.048,1934.0349999999999,42.048,948.9650000000001,0.068,-0.99,-0.122,2933.356,7057.378,4.245331443141624
1644.914,6707.561,12.40289,3.218200000000006,5.506900000000132,3.059700000000066,6.299818386271295,0.23169999999993252,4.643100000000504,4.648877552700721,-0.23169999999993252,-4.643100000000504,0.0,2,2,908.4382731462823,39.91399999999999,907.5609999999997,1580,8683,1605,5800,64.91399999999999,1975.4390000000003,39.91399999999999,907.5609999999997,0.074,-0.99,-0.117,2885.203,7029.381,4.168073015187037
1643.537,6684.878,11.91414,3.1915100000000076,5.966799999999921,2.7628999999994446,6.57543296293073,0.13859999999990577,2.45,2.4539172683690818,-0.13859999999990577,-2.45,0.0,2,2,885.7167579158697,38.537000000000035,884.8779999999997,1580,8683,1605,5800,63.537000000000035,1998.1220000000003,38.537000000000035,884.8779999999997,0.091,-0.984,-0.155,2834.951,7004.029,4.0712128510141286
1642.947,6656.185,11.400160000000003,3.2716699999999945,6.1550999999997655,2.2512000000002446,6.5538658400975995,0.014700000000129877,3.8730999999996127,3.8731278961579623,-0.014700000000129877,-3.8730999999996127,0.0,2,2,857.0255124755627,37.94699999999989,856.1850000000004,1580,8683,1605,5800,62.94699999999989,2026.8149999999996,37.94699999999989,856.1850000000004,0.099,-0.984,-0.149,2782.963,6983.352,3.979759136534126
1643.413,6619.431,10.8714,3.4246500000000015,6.176800000000049,2.720900000000438,6.749529987340081,0.09940000000003693,4.19020000000055,4.191378818480216,0.09940000000003693,-4.19020000000055,0.0,2,2,820.3308615004066,38.41300000000001,819.4309999999996,1580,8683,1605,5800,63.41300000000001,2063.5690000000004,38.41300000000001,819.4309999999996,0.108,-0.986,-0.127,2730.553,6961.896,3.3978526268596836
1644.838,6582.452,10.344190000000001,3.5635999999999965,6.0487000000000535,2.6592999999999845,6.607469120624065,0.22399999999995546,4.351899999999751,4.357661025136973,0.22399999999995546,-4.351899999999751,0.0,2,2,783.4655056529293,39.837999999999965,782.4520000000002,1580,8683,1605,5800,64.83799999999997,2100.548,39.837999999999965,782.4520000000002,0.132,-0.986,-0.104,2679.257,6938.812,3.034111738900689
1647.37,6547.054,9.801020000000003,3.7072999999999956,6.211099999999715,2.348500000000331,6.640272242912787,0.2974999999999681,3.060400000000209,3.074825915397693,0.2974999999999681,-3.060400000000209,0.0,2,2,748.2545661845306,42.36999999999989,747.0540000000001,1580,8683,1605,5800,67.36999999999989,2135.946,42.36999999999989,747.0540000000001,0.142,-0.983,-0.118,2627.472,6917.784,2.7888813302853035
1650.083,6539.855,9.23956,3.6053800000000047,6.239799999999832,1.7674999999997454,6.485303407705533,0.3087000000000217,0.29120000000011714,0.42437380927677615,0.3087000000000217,-0.29120000000011714,0.0,2,2,741.2272916683514,45.083000000000084,739.8549999999996,1580,8683,1605,5800,70.08300000000008,2143.1450000000004,45.083000000000084,739.8549999999996,0.137,-0.983,-0.122,2574.039,6900.393,2.3962634871447657
1652.563,6532.034,8.671569999999997,3.561280000000006,6.403600000000097,1.2285000000000765,6.520376155560462,0.21770000000010442,1.1900000000005093,1.20974926741092,0.21770000000010442,-1.1900000000005093,0.0,2,2,733.577546088346,47.5630000000001,732.0339999999997,1580,8683,1605,5800,72.5630000000001,2150.9660000000003,47.5630000000001,732.0339999999997,0.125,-0.983,-0.137,2519.72,6888.162,2.083967142781331
1654.429,6517.327,8.099609999999998,3.5948099999999976,6.496699999999964,1.519000000000051,6.671916657902711,0.2491999999999962,1.7261999999996078,1.7440949171414508,0.2491999999999962,-1.7261999999996078,0.0,2,2,719.0279903939764,49.42900000000009,717.3270000000002,1580,8683,1605,5800,74.42900000000009,2165.673,49.42900000000009,717.3270000000002,0.067,-0.988,-0.137,2464.39,6876.808,1.8985526495801155
1657.407,6501.019,7.517729999999999,3.6135099999999967,6.498800000000074,1.7752000000000407,6.736893681809228,0.3667999999999211,2.038399999999547,2.071139010302808,0.3667999999999211,-2.038399999999547,0.0,2,2,702.975200138668,52.406999999999925,701.0190000000002,1580,8683,1605,5800,77.40699999999993,2181.9809999999998,52.406999999999925,701.0190000000002,0.046,-0.991,-0.124,2409.18,6862.37,2.173398618336106
1661.371,6479.72,6.94143,3.680749999999998,6.087899999999763,1.6421999999996841,6.305501348029043,0.5152000000000726,2.6914999999995417,2.7403655394851265,0.5152000000000726,-2.6914999999995417,0.0,2,2,682.0534935333154,56.371000000000095,679.7200000000003,1580,8683,1605,5800,81.3710000000001,2203.2799999999997,56.371000000000095,679.7200000000003,0.047,-0.988,-0.149,2355.514,6847.795,2.3932790529970944
1666.542,6451.621,6.371869999999999,3.8226299999999993,6.111700000000155,1.640099999999893,6.327938439966175,0.5837999999998829,3.236099999999715,3.288337824798118,0.5837999999998829,-3.236099999999715,0.0,2,2,654.5206989889625,61.541999999999916,651.6210000000001,1580,8683,1605,5800,86.54199999999992,2231.379,61.541999999999916,651.6210000000001,0.026,-0.986,-0.167,2303.729,6833.884,2.508468781931705
1670.931,6427.381,5.883310000000002,3.9452899999999955,4.8019999999997705,1.2978000000001886,4.97428274628597,0.4263000000001057,2.3288999999995212,2.3675951723210327,0.4263000000001057,-2.3288999999995212,0.0,2,2,630.8358074190148,65.93100000000004,627.3810000000003,1580,8683,1605,5800,90.93100000000004,2255.6189999999997,65.93100000000004,627.3810000000003,0.046,-0.983,-0.175,2259.262,6821.91,2.682200376746958
1674.297,6409.603,5.496480000000002,4.027049999999999,3.5469000000000053,0.9688000000000102,3.676829211426614,0.4018000000000484,2.0712999999998827,2.1099115929345365,0.4018000000000484,-2.0712999999998827,0.0,2,2,613.5290472487835,69.29700000000003,609.6030000000001,1580,8683,1605,5800,94.29700000000003,2273.397,69.29700000000003,609.6030000000001,0.028,-0.981,-0.192,2223.945,6812.308,2.9052386491205393
1678.344,6389.446,5.1943899999999985,4.156909999999998,2.566200000000117,0.7049000000003616,2.6612527970865734,0.5040000000000191,2.4598000000000866,2.510902634512228,0.5040000000000191,-2.4598000000000866,0.0,2,2,593.9915228789043,73.34400000000005,589.4459999999999,1580,8683,1605,5800,98.34400000000005,2293.554,73.34400000000005,589.4459999999999,0.043,-0.982,-0.186,2197.783,6805.137,3.068109630792453
1683.725,6363.705,4.973760000000002,4.368490000000001,1.5231999999999515,0.4178999999998268,1.5794868312207313,0.7020999999999504,3.313100000000122,3.386676249658467,0.7020999999999504,-3.313100000000122,0.0,2,2,569.1756781961084,78.72499999999991,563.7049999999999,1580,8683,1605,5800,103.72499999999991,2319.295,78.72499999999991,563.7049999999999,0.087,-0.974,-0.207,2181.101,6800.554,3.2748972708049346
1690.851,6331.066,4.82721,4.67424,0.428400000000056,0.11690000000025975,0.44406324999948904,0.9275000000000317,4.144000000000051,4.246527081039338,0.9275000000000317,-4.144000000000051,0.0,2,2,537.9604916320527,85.85100000000011,531.0659999999998,1580,8683,1605,5800,110.85100000000011,2351.934,85.85100000000011,531.0659999999998,0.091,-0.968,-0.235,2173.572,6798.49,3.429288742638089
1699.117,6295.77,4.732610000000002,5.023979999999992,0.06509999999989305,0.016800000000239377,0.06723280449300116,1.0128999999999222,4.186699999999837,4.307484567586804,1.0128999999999222,-4.186699999999837,0.0,2,2,504.6245164367269,94.11699999999996,495.77000000000044,1580,8683,1605,5800,119.11699999999996,2387.2299999999996,94.11699999999996,495.77000000000044,0.121,-0.967,-0.222,2172.378,6798.168,3.4416652797897105
1708.017,6260.843,4.639080000000002,5.3721000000000005,0.0469000000000051,0.011899999999877764,0.04838615504457416,0.9897999999999911,3.8023999999998526,3.929115651135617,0.9897999999999911,-3.8023999999998526,0.0,2,2,472.21687066219886,103.01700000000005,460.84299999999985,1580,8683,1605,5800,128.01700000000005,2422.157,103.01700000000005,460.84299999999985,0.126,-0.958,-0.258,2171.925,6798.053,3.3863235163601817
1714.116,6237.498,4.57308,5.604250000000002,0.08750000000000001,0.023800000000392174,0.0906790493996197,0.5879999999999427,2.2623999999999795,2.3375623542485107,0.5879999999999427,-2.2623999999999795,0.0,2,2,450.8999905300505,109.11599999999999,437.4979999999996,1580,8683,1605,5800,134.11599999999999,2445.5020000000004,109.11599999999999,437.4979999999996,0.12,-0.952,-0.281,2171.424,6797.923,3.2251192891061913
1719.045,6217.161,4.511120000000001,5.804170000000004,0.18969999999981155,0.052499999999872676,0.1968307394690045,0.5775000000000319,2.483599999999842,2.5498578803531875,0.5775000000000319,-2.483599999999842,0.0,2,2,432.4691456578146,114.04500000000007,417.16100000000006,1580,8683,1605,5800,139.04500000000007,2465.839,114.04500000000007,417.16100000000006,0.053,-0.962,-0.268,2170.157,6797.578,3.007202618123693
1723.925,6195.183,4.440930000000001,6.018090000000002,0.29049999999997456,0.07979999999970461,0.3012611657680725,0.5838000000000421,2.7069000000001324,2.7691388643404586,0.5838000000000421,-2.7069000000001324,0.0,2,2,412.6896644138304,118.92499999999995,395.183,1580,8683,1605,5800,143.92499999999995,2487.817,118.92499999999995,395.183,-0.038,-0.968,-0.248,2168.018,6796.992,2.5962092767062157
1728.81,6171.693,4.361179999999999,6.244539999999997,0.39410000000007134,0.10780000000031577,0.40857759360998286,0.5662999999999784,2.784600000000046,2.8416004029420168,0.5662999999999784,-2.784600000000046,0.0,2,2,391.77110964056567,123.80999999999995,371.6930000000002,1580,8683,1605,5800,148.80999999999995,2511.307,123.80999999999995,371.6930000000002,-0.029,-0.962,-0.273,2164.928,6796.147,2.1840751095852884
1733.691,6147.003,4.270779999999998,6.480080000000007,0.5376000000000204,0.14699999999938884,0.5573354106817925,0.5691000000000713,2.9344000000000054,2.989076474431545,0.5691000000000713,-2.9344000000000054,0.0,2,2,370.0978998724524,128.69100000000003,347.0029999999997,1580,8683,1605,5800,153.69100000000003,2535.9970000000003,128.69100000000003,347.0029999999997,0.109,-0.959,-0.261,2160.769,6795.011,1.8772007817397443
1733.577,6135.846,4.218280000000002,6.577020000000002,0.6810999999999695,0.1862000000003718,0.7060932303882377,0.6237000000000535,0.20020000000004076,0.6550433039121025,-0.6237000000000535,-0.20020000000004076,0.0,2,2,359.61726967013095,128.577,335.84599999999955,1580,8683,1605,5800,153.577,2547.1540000000005,128.577,335.84599999999955,0.18,-0.943,-0.281,2155.405,6793.548,1.6204292927974902
1729.091,6135.203,4.197000000000003,6.565409999999993,0.8350999999998293,0.22820000000001528,0.8657177657872812,0.21770000000010442,0.2071999999995569,0.300541394819186,-0.21770000000010442,-0.2071999999995569,0.0,2,2,357.43478774456224,124.0909999999999,335.20300000000043,1580,8683,1605,5800,149.0909999999999,2547.7969999999996,124.0909999999999,335.20300000000043,0.172,-0.942,-0.288,2148.791,6791.744,1.2868341268965207
1728.208,6129.664,4.127550000000001,6.599450000000006,0.9736999999997352,0.26599999999943974,1.0093798541674914,0.030099999999924874,0.8742999999998574,0.8748179810679169,-0.030099999999924874,-0.8742999999998574,0.0,2,2,351.9354545367657,123.20800000000008,329.66399999999976,1580,8683,1605,5800,148.20800000000008,2553.3360000000002,123.20800000000008,329.66399999999976,0.174,-0.927,-0.333,2140.963,6789.609,0.946234548052951
1729.603,6120.816,4.02324,6.663290000000006,1.095500000000038,0.2988999999997759,1.1355445653958058,0.2415000000000191,0.8434999999999491,0.8773907339378069,0.2415000000000191,-0.8434999999999491,0.0,2,2,344.16393399802934,124.60300000000007,320.8159999999998,1580,8683,1605,5800,149.60300000000007,2562.184,124.60300000000007,320.8159999999998,0.231,-0.942,-0.244,2131.927,6787.145,0.8117063723581036
1729.959,6114.15,3.917349999999999,6.702040000000006,1.2334000000001197,0.336699999999837,1.2785313644960712,0.025199999999881584,0.8680000000004838,0.8683657294025565,-0.025199999999881584,-0.8680000000004838,0.0,2,2,338.09018646065397,124.95900000000006,314.14999999999964,1580,8683,1605,5800,149.95900000000006,2568.8500000000004,124.95900000000006,314.14999999999964,0.223,-0.953,-0.206,2121.694,6784.354,0.9881867033237666
1730.894,6106.769,3.7946299999999997,6.744929999999995,1.3978999999998907,0.38150000000005097,1.4490226568276057,0.1567999999999529,0.8596000000000459,0.8737839549912004,0.1567999999999529,-0.8596000000000459,0.0,2,2,331.59692187503816,125.894,306.76900000000023,1580,8683,1605,5800,150.894,2576.2309999999998,125.894,306.76900000000023,0.217,-0.956,-0.197,2110.357,6781.262,1.0786954971593445
1732.885,6097.421,3.649770000000001,6.804339999999993,1.5064000000000306,0.4109000000003107,1.561435163559585,0.35000000000000003,1.555399999999827,1.5942926832923312,0.35000000000000003,-1.555399999999827,0.0,2,2,323.74963237971434,127.88499999999999,297.4210000000003,1580,8683,1605,5800,152.885,2585.5789999999997,127.88499999999999,297.4210000000003,0.211,-0.949,-0.234,2097.862,6777.855,1.0075644326717688
1736.253,6083.37,3.4805100000000015,6.907880000000005,1.621900000000005,0.44169999999958237,1.6809695119185377,0.41509999999989305,1.6597000000000661,1.7108220538677104,0.41509999999989305,-1.6597000000000661,0.0,2,2,312.2913814196606,131.25299999999993,283.3699999999999,1580,8683,1605,5800,156.25299999999993,2599.63,131.25299999999993,283.3699999999999,0.212,-0.947,-0.24,2084.304,6774.158,1.0712239845734821
1738.291,6075.653,3.3114599999999994,6.94451,1.8354000000002089,0.4997999999999592,1.902233739581108,0.17500000000000002,0.6271999999998116,0.6511565403186577,0.17500000000000002,-0.6271999999998116,0.0,2,2,306.187960393612,133.29099999999994,275.65300000000025,1580,8683,1605,5800,158.29099999999994,2607.3469999999998,133.29099999999994,275.65300000000025,0.191,-0.956,-0.221,2069.437,6770.104,1.2379856384589114
1739.076,6070.299,3.145479999999998,6.955910000000004,1.8774000000001707,0.48649999999979626,1.9394104800171734,0.006999999999993634,0.7328999999996995,0.7329334280816774,-0.006999999999993634,-0.7328999999996995,0.0,2,2,301.72491308640724,134.07600000000002,270.299,1580,8683,1605,5800,159.07600000000002,2612.701,134.07600000000002,270.299,0.185,-0.945,-0.27,2053.624,6765.89,1.3753963444228932
1738.408,6058.998,2.9807300000000008,7.02808,2.039799999999991,0.4487000000003718,2.088567865787535,0.0749000000001388,1.651300000000265,1.6529977918923229,-0.0749000000001388,-1.651300000000265,0.0,2,2,291.33770519450405,133.4079999999999,258.9979999999996,1580,8683,1605,5800,158.4079999999999,2624.0020000000004,133.4079999999999,258.9979999999996,0.165,-0.94,-0.298,2036.481,6761.806,1.5460589684482493
1738.903,6043.2,2.7903,7.152190000000001,2.2344000000000053,0.3395000000004075,2.260045046011318,0.13019999999994525,1.5084999999998217,1.51410841421592,0.13019999999994525,-1.5084999999998217,0.0,2,2,277.62610361599627,133.90300000000002,243.19999999999982,1580,8683,1605,5800,158.90300000000002,2639.8,133.90300000000002,243.19999999999982,0.148,-0.953,-0.266,2017.933,6758.419,1.8006734411226983
1741.993,6026.5,2.5645299999999995,7.299709999999996,2.2869000000000366,0.16100000000033104,2.292560274016863,0.5606999999999517,2.4318000000001123,2.495603279770343,0.5606999999999517,-2.4318000000001123,0.0,2,2,264.7061239355825,136.99299999999994,226.5,1580,8683,1605,5800,161.99299999999994,2656.5,136.99299999999994,226.5,0.029,-0.979,-0.202,1998.446,6756.471,1.9350312388746629
1747.93,6003.443,2.30048,7.504139999999998,2.4282999999998767,0.41720000000032087,2.4638783918853764,0.7826000000001159,2.9175999999997657,3.0207370822365216,0.7826000000001159,-2.9175999999997657,0.0,2,2,248.6323372954534,142.93000000000006,203.4430000000002,1580,8683,1605,5800,167.93000000000006,2679.557,142.93000000000006,203.4430000000002,0.03,-0.972,-0.232,1977.978,6753.857,1.9662618434666226
1753.483,5983.148,2.02864,7.67018,2.6123999999999796,0.4753000000000611,2.655286020375197,0.5166000000000395,1.866200000000117,1.93638271010678,0.5166000000000395,-1.866200000000117,0.0,2,2,235.77614636133154,148.48299999999995,183.14800000000014,1580,8683,1605,5800,173.48299999999995,2699.852,148.48299999999995,183.14800000000014,0.072,-0.954,-0.291,1956.347,6750.166,1.9718809736794078
1756.357,5972.605,1.77375,7.730030000000006,2.7334999999999807,0.5648999999998523,2.7912603354040137,0.2555000000000064,0.9807000000005246,1.0134361055345484,0.2555000000000064,-0.9807000000005246,0.0,2,2,229.567914731131,151.35699999999997,172.60499999999956,1580,8683,1605,5800,176.35699999999997,2710.3950000000004,151.35699999999997,172.60499999999956,0.115,-0.941,-0.318,1933.732,6745.608,2.0311928590807495
1759.778,5960.355,1.5015699999999992,7.803860000000004,2.827299999999991,0.5676999999997862,2.883731710821883,0.4746000000000777,1.7234000000003107,1.7875549557988826,0.4746000000000777,-1.7234000000003107,0.0,2,2,222.86757348030662,154.77800000000002,160.35499999999956,1580,8683,1605,5800,179.77800000000002,2722.6450000000004,154.77800000000002,160.35499999999956,0.216,-0.896,-0.387,1909.935,6740.741,2.0496768937507337
1763.693,5944.844,1.2127500000000009,7.912389999999996,2.9876000000000205,0.5166000000001986,3.0319349135494855,0.36330000000000384,1.52950000000028,1.572055069010262,0.36330000000000384,-1.52950000000028,0.0,2,2,214.85635337359705,158.69299999999998,144.84400000000005,1580,8683,1605,5800,183.69299999999998,2738.156,158.69299999999998,144.84400000000005,0.199,-0.885,-0.421,1884.968,6736.083,2.0768441552785846
1768.727,5925.089,0.8996199999999999,8.072520000000004,3.0330999999998993,0.3520999999997912,3.05346852284402,0.7021000000001094,2.7006000000001222,2.790373589683076,0.7021000000001094,-2.7006000000001222,0.0,2,2,206.0431713258171,163.7270000000001,125.08899999999994,1580,8683,1605,5800,188.7270000000001,2757.911,163.7270000000001,125.08899999999994,0.207,-0.885,-0.418,1858.689,6732.341,2.3114219664245472
1774.836,5901.837,0.5643299999999999,8.283689999999996,3.25010000000002,0.24710000000004584,3.259479777510539,0.7175000000000636,2.7187999999993733,2.8118818769636613,0.7175000000000636,-2.7187999999993733,0.0,2,2,198.0278805244355,169.836,101.83700000000044,1580,8683,1605,5800,194.836,2781.1629999999996,169.836,101.83700000000044,0.197,-0.897,-0.396,1831.269,6730.206,2.4911026013492057
1781.008,5878.611,0.22034999999999855,8.480690000000005,3.24170000000006,0.4913999999995212,3.278733421612669,0.7342999999999847,2.746799999999985,2.8432563602320307,0.7342999999999847,-2.746799999999985,0.0,2,2,192.7654154276643,176.00800000000004,78.61099999999988,1580,8683,1605,5800,201.00800000000004,2804.389,176.00800000000004,78.61099999999988,0.174,-0.891,-0.419,1803.043,6726.68,2.2006625654181136
1787.33,5855.197,0.13766999999999827,8.667519999999994,3.4278999999999544,0.5502000000000408,3.4717745390505605,0.7419999999999618,2.7026999999999135,2.80270428158225,0.7419999999999618,-2.7026999999999135,0.0,4,2,190.5018050019474,182.32999999999993,55.197000000000116,1580,8683,1605,5800,207.32999999999993,2827.803,182.32999999999993,55.197000000000116,0.154,-0.863,-0.481,1773.563,6721.949,1.8394197828354986
1792.166,5838.029,0.49179999999999835,8.790549999999994,3.6518999999999098,0.5796000000003004,3.69760865560428,0.18830000000000383,0.6642999999997301,0.6904718531552484,0.18830000000000383,-0.6642999999997301,0.0,4,2,190.99035681677756,187.16599999999994,38.02900000000045,1580,8683,1605,5800,212.16599999999994,2844.9709999999995,187.16599999999994,38.02900000000045,0.135,-0.78,-0.612,1742.986,6717.084,1.3725508373152084
1792.271,5837.661,0.8108600000000001,8.74357,3.76880000000001,0.6026999999999134,3.816687140701995,0.0,0.0,0.0,0.0,0.0,0.0,4,2,191.02036111891317,187.27099999999996,37.66100000000006,1580,8683,1605,5800,212.27099999999996,2845.339,187.27099999999996,37.66100000000006,0.113,-0.703,-0.702,1711.185,6712.018,0.9061318154815494
1792.281,5837.594,1.1409400000000005,8.69116,3.932600000000116,0.6349000000001069,3.9835211521970164,0.0,0.0,0.0,0.0,0.0,0.0,4,2,191.01696730133685,187.28099999999995,37.59400000000005,1580,8683,1605,5800,212.28099999999995,2845.406,187.28099999999995,37.59400000000005,0.063,-0.583,-0.81,1678.187,6706.71,0.43342796350600304
